{
    "loss": [
        3.9017505645751953,
        3.5484914779663086,
        3.439939022064209,
        3.3810675144195557,
        3.3351693153381348,
        3.312098264694214,
        3.2837400436401367,
        3.264359474182129,
        3.2361299991607666,
        3.2282705307006836,
        3.209522247314453,
        3.2003631591796875,
        3.189100503921509
    ],
    "mahalanobis": [
        4.512360095977783,
        4.143591403961182,
        4.027900218963623,
        3.967305898666382,
        3.9166362285614014,
        3.890747308731079,
        3.8593380451202393,
        3.834231376647949,
        3.8072497844696045,
        3.8000526428222656,
        3.77738881111145,
        3.769397258758545,
        3.756981611251831
    ],
    "log_likelyhood": [
        -10.624650001525879,
        -11.449918746948242,
        -11.779781341552734,
        -11.952751159667969,
        -12.102441787719727,
        -12.177845001220703,
        -12.243318557739258,
        -12.309226989746094,
        -12.39337158203125,
        -12.407204627990723,
        -12.456930160522461,
        -12.494523048400879,
        -12.51806926727295
    ],
    "val_loss": [
        3.592611074447632,
        3.3164143562316895,
        3.3637959957122803,
        3.2632734775543213,
        3.1824252605438232,
        3.315027952194214,
        3.283599376678467,
        3.233376979827881,
        3.419844150543213,
        3.208913803100586,
        3.3587753772735596,
        3.435804605484009,
        3.210463285446167
    ],
    "val_mahalanobis": [
        4.348110198974609,
        4.0091071128845215,
        3.8601672649383545,
        3.8070225715637207,
        3.775681734085083,
        3.86325740814209,
        3.8210110664367676,
        3.8758022785186768,
        3.9254722595214844,
        3.7690765857696533,
        3.9398412704467773,
        4.057372570037842,
        3.7390363216400146
    ],
    "val_log_likelyhood": [
        -11.412014961242676,
        -12.005925178527832,
        -11.397104263305664,
        -11.914892196655273,
        -12.5014009475708,
        -12.151737213134766,
        -12.24671459197998,
        -12.743020057678223,
        -11.94732666015625,
        -12.336222648620605,
        -12.208657264709473,
        -12.316206932067871,
        -12.407522201538086
    ]
}